Workbook

Sheet Dashboard
B2: IAS ELECTION CAMPAIGN — LIVE CONTACT DASHBOARD
B3: 1,873 members from the register dated 28/04/2026 · every figure recalculates as the team fills in column O of the Members sheet
B5: TOTAL MEMBERS | D5: CONTACTED | F5: POSITIVE | H5: TO FOLLOW UP | L5: BY EMIRATE
B6: =COUNTA(Members!$C$4:$C$1876) -> 1873 | D6: =COUNTA(Members!$O$4:$O$1876)-COUNTIF(Members!$O$4:$O$1876,"Not Contacted") -> 0 | F6: =COUNTIF(Members!$O$4:$O$1876,"Positive") -> 0 | H6: =COUNTIF(Members!$O$4:$O$1876,"To Be Followed Up") -> 0 | L6: Emirate | M6: Members | N6: Contacted | O6: Positive
B7: Contact rate | C7: =IFERROR((COUNTA(Members!$O$4:$O$1876)-COUNTIF(Members!$O$4:$O$1876,"Not Contacted"))/COUNTA(Members!$O$4:$O$1876),0) -> 0 | D7: Positive rate | E7: =IFERROR(COUNTIF(Members!$O$4:$O$1876,"Positive")/MAX(1,COUNTA(Members!$O$4:$O$1876)-COUNTIF(Members!$O$4:$O$1876,"Not Contacted")),0) -> 0 | F7: Negative | G7: =COUNTIF(Members!$O$4:$O$1876,"Negative") -> 0 | H7: Still to call | I7: =COUNTIF(Members!$O$4:$O$1876,"Not Contacted") -> 1873 | L7: Sharjah | M7: =COUNTIF(Members!$J$4:$J$1876,$L7) -> 979 | N7: =M7-COUNTIFS(Members!$J$4:$J$1876,$L7,Members!$O$4:$O$1876,"Not Contacted") -> 0 | O7: =COUNTIFS(Members!$J$4:$J$1876,$L7,Members!$O$4:$O$1876,"Positive") -> 0
L8: Dubai | M8: =COUNTIF(Members!$J$4:$J$1876,$L8) -> 532 | N8: =M8-COUNTIFS(Members!$J$4:$J$1876,$L8,Members!$O$4:$O$1876,"Not Contacted") -> 0 | O8: =COUNTIFS(Members!$J$4:$J$1876,$L8,Members!$O$4:$O$1876,"Positive") -> 0
B9: RESPONSE BREAKDOWN | L9: Ajman | M9: =COUNTIF(Members!$J$4:$J$1876,$L9) -> 128 | N9: =M9-COUNTIFS(Members!$J$4:$J$1876,$L9,Members!$O$4:$O$1876,"Not Contacted") -> 0 | O9: =COUNTIFS(Members!$J$4:$J$1876,$L9,Members!$O$4:$O$1876,"Positive") -> 0
B10: Call status | C10: Members | D10: Share | E10: Progress | L10: Abu Dhabi | M10: =COUNTIF(Members!$J$4:$J$1876,$L10) -> 25 | N10: =M10-COUNTIFS(Members!$J$4:$J$1876,$L10,Members!$O$4:$O$1876,"Not Contacted") -> 0 | O10: =COUNTIFS(Members!$J$4:$J$1876,$L10,Members!$O$4:$O$1876,"Positive") -> 0
B11: Not Contacted | C11: =COUNTIF(Members!$O$4:$O$1876,B11) -> 1873 | D11: =IFERROR(C11/$B$6,0) -> 1 | E11: =C11 -> 1873 | L11: Umm Al Quwain | M11: =COUNTIF(Members!$J$4:$J$1876,$L11) -> 15 | N11: =M11-COUNTIFS(Members!$J$4:$J$1876,$L11,Members!$O$4:$O$1876,"Not Contacted") -> 0 | O11: =COUNTIFS(Members!$J$4:$J$1876,$L11,Members!$O$4:$O$1876,"Positive") -> 0
B12: Positive | C12: =COUNTIF(Members!$O$4:$O$1876,B12) -> 0 | D12: =IFERROR(C12/$B$6,0) -> 0 | E12: =C12 -> 0 | L12: Ras Al Khaimah | M12: =COUNTIF(Members!$J$4:$J$1876,$L12) -> 10 | N12: =M12-COUNTIFS(Members!$J$4:$J$1876,$L12,Members!$O$4:$O$1876,"Not Contacted") -> 0 | O12: =COUNTIFS(Members!$J$4:$J$1876,$L12,Members!$O$4:$O$1876,"Positive") -> 0
B13: To Be Followed Up | C13: =COUNTIF(Members!$O$4:$O$1876,B13) -> 0 | D13: =IFERROR(C13/$B$6,0) -> 0 | E13: =C13 -> 0 | L13: Fujairah | M13: =COUNTIF(Members!$J$4:$J$1876,$L13) -> 4 | N13: =M13-COUNTIFS(Members!$J$4:$J$1876,$L13,Members!$O$4:$O$1876,"Not Contacted") -> 0 | O13: =COUNTIFS(Members!$J$4:$J$1876,$L13,Members!$O$4:$O$1876,"Positive") -> 0
B14: Undecided | C14: =COUNTIF(Members!$O$4:$O$1876,B14) -> 0 | D14: =IFERROR(C14/$B$6,0) -> 0 | E14: =C14 -> 0 | L14: Not recorded | M14: =$B$6-SUM(M7:M13) -> 180
B15: Negative | C15: =COUNTIF(Members!$O$4:$O$1876,B15) -> 0 | D15: =IFERROR(C15/$B$6,0) -> 0 | E15: =C15 -> 0
B16: Unreachable | C16: =COUNTIF(Members!$O$4:$O$1876,B16) -> 0 | D16: =IFERROR(C16/$B$6,0) -> 0 | E16: =C16 -> 0 | L16: BY CALLER
B17: Not Eligible / Inactive | C17: =COUNTIF(Members!$O$4:$O$1876,B17) -> 0 | D17: =IFERROR(C17/$B$6,0) -> 0 | E17: =C17 -> 0 | L17: Assigned to | M17: Assigned | N17: Done | O17: Positive
B18: TOTAL | C18: =SUM(C11:C17) -> 1873 | D18: =IFERROR(C18/$B$6,0) -> 1 | L18: =Lists!C2 -> Unassigned | M18: =COUNTIF(Members!$P$4:$P$1876,$L18) -> 1873 | N18: =M18-COUNTIFS(Members!$P$4:$P$1876,$L18,Members!$O$4:$O$1876,"Not Contacted") -> 0 | O18: =COUNTIFS(Members!$P$4:$P$1876,$L18,Members!$O$4:$O$1876,"Positive") -> 0
L19: =Lists!C3 -> Volunteer 1 | M19: =COUNTIF(Members!$P$4:$P$1876,$L19) -> 0 | N19: =M19-COUNTIFS(Members!$P$4:$P$1876,$L19,Members!$O$4:$O$1876,"Not Contacted") -> 0 | O19: =COUNTIFS(Members!$P$4:$P$1876,$L19,Members!$O$4:$O$1876,"Positive") -> 0
L20: =Lists!C4 -> Volunteer 2 | M20: =COUNTIF(Members!$P$4:$P$1876,$L20) -> 0 | N20: =M20-COUNTIFS(Members!$P$4:$P$1876,$L20,Members!$O$4:$O$1876,"Not Contacted") -> 0 | O20: =COUNTIFS(Members!$P$4:$P$1876,$L20,Members!$O$4:$O$1876,"Positive") -> 0
B21: BY HOME DISTRICT IN KERALA | L21: =Lists!C5 -> Volunteer 3 | M21: =COUNTIF(Members!$P$4:$P$1876,$L21) -> 0 | N21: =M21-COUNTIFS(Members!$P$4:$P$1876,$L21,Members!$O$4:$O$1876,"Not Contacted") -> 0 | O21: =COUNTIFS(Members!$P$4:$P$1876,$L21,Members!$O$4:$O$1876,"Positive") -> 0
B22: District | C22: Members | D22: Contacted | E22: Positive | F22: Follow up | G22: Negative | H22: Not called | I22: % contacted | J22: % positive | L22: =Lists!C6 -> Volunteer 4 | M22: =COUNTIF(Members!$P$4:$P$1876,$L22) -> 0 | N22: =M22-COUNTIFS(Members!$P$4:$P$1876,$L22,Members!$O$4:$O$1876,"Not Contacted") -> 0 | O22: =COUNTIFS(Members!$P$4:$P$1876,$L22,Members!$O$4:$O$1876,"Positive") -> 0
B23: Alappuzha | C23: =COUNTIF(Members!$L$4:$L$1876,$B23) -> 110 | D23: =C23-H23 -> 0 | E23: =COUNTIFS(Members!$L$4:$L$1876,$B23,Members!$O$4:$O$1876,"Positive") -> 0 | F23: =COUNTIFS(Members!$L$4:$L$1876,$B23,Members!$O$4:$O$1876,"To Be Followed Up") -> 0 | G23: =COUNTIFS(Members!$L$4:$L$1876,$B23,Members!$O$4:$O$1876,"Negative") -> 0 | H23: =COUNTIFS(Members!$L$4:$L$1876,$B23,Members!$O$4:$O$1876,"Not Contacted") -> 110 | I23: =IFERROR(D23/C23,0) -> 0 | J23: =IFERROR(E23/MAX(1,D23),0) -> 0 | L23: =Lists!C7 -> Volunteer 5 | M23: =COUNTIF(Members!$P$4:$P$1876,$L23) -> 0 | N23: =M23-COUNTIFS(Members!$P$4:$P$1876,$L23,Members!$O$4:$O$1876,"Not Contacted") -> 0 | O23: =COUNTIFS(Members!$P$4:$P$1876,$L23,Members!$O$4:$O$1876,"Positive") -> 0
B24: Ernakulam | C24: =COUNTIF(Members!$L$4:$L$1876,$B24) -> 64 | D24: =C24-H24 -> 0 | E24: =COUNTIFS(Members!$L$4:$L$1876,$B24,Members!$O$4:$O$1876,"Positive") -> 0 | F24: =COUNTIFS(Members!$L$4:$L$1876,$B24,Members!$O$4:$O$1876,"To Be Followed Up") -> 0 | G24: =COUNTIFS(Members!$L$4:$L$1876,$B24,Members!$O$4:$O$1876,"Negative") -> 0 | H24: =COUNTIFS(Members!$L$4:$L$1876,$B24,Members!$O$4:$O$1876,"Not Contacted") -> 64 | I24: =IFERROR(D24/C24,0) -> 0 | J24: =IFERROR(E24/MAX(1,D24),0) -> 0 | L24: =Lists!C8 -> Volunteer 6 | M24: =COUNTIF(Members!$P$4:$P$1876,$L24) -> 0 | N24: =M24-COUNTIFS(Members!$P$4:$P$1876,$L24,Members!$O$4:$O$1876,"Not Contacted") -> 0 | O24: =COUNTIFS(Members!$P$4:$P$1876,$L24,Members!$O$4:$O$1876,"Positive") -> 0
B25: Idukki | C25: =COUNTIF(Members!$L$4:$L$1876,$B25) -> 4 | D25: =C25-H25 -> 0 | E25: =COUNTIFS(Members!$L$4:$L$1876,$B25,Members!$O$4:$O$1876,"Positive") -> 0 | F25: =COUNTIFS(Members!$L$4:$L$1876,$B25,Members!$O$4:$O$1876,"To Be Followed Up") -> 0 | G25: =COUNTIFS(Members!$L$4:$L$1876,$B25,Members!$O$4:$O$1876,"Negative") -> 0 | H25: =COUNTIFS(Members!$L$4:$L$1876,$B25,Members!$O$4:$O$1876,"Not Contacted") -> 4 | I25: =IFERROR(D25/C25,0) -> 0 | J25: =IFERROR(E25/MAX(1,D25),0) -> 0 | L25: =Lists!C9 -> Volunteer 7 | M25: =COUNTIF(Members!$P$4:$P$1876,$L25) -> 0 | N25: =M25-COUNTIFS(Members!$P$4:$P$1876,$L25,Members!$O$4:$O$1876,"Not Contacted") -> 0 | O25: =COUNTIFS(Members!$P$4:$P$1876,$L25,Members!$O$4:$O$1876,"Positive") -> 0
B26: Kannur | C26: =COUNTIF(Members!$L$4:$L$1876,$B26) -> 191 | D26: =C26-H26 -> 0 | E26: =COUNTIFS(Members!$L$4:$L$1876,$B26,Members!$O$4:$O$1876,"Positive") -> 0 | F26: =COUNTIFS(Members!$L$4:$L$1876,$B26,Members!$O$4:$O$1876,"To Be Followed Up") -> 0 | G26: =COUNTIFS(Members!$L$4:$L$1876,$B26,Members!$O$4:$O$1876,"Negative") -> 0 | H26: =COUNTIFS(Members!$L$4:$L$1876,$B26,Members!$O$4:$O$1876,"Not Contacted") -> 191 | I26: =IFERROR(D26/C26,0) -> 0 | J26: =IFERROR(E26/MAX(1,D26),0) -> 0 | L26: =Lists!C10 -> Volunteer 8 | M26: =COUNTIF(Members!$P$4:$P$1876,$L26) -> 0 | N26: =M26-COUNTIFS(Members!$P$4:$P$1876,$L26,Members!$O$4:$O$1876,"Not Contacted") -> 0 | O26: =COUNTIFS(Members!$P$4:$P$1876,$L26,Members!$O$4:$O$1876,"Positive") -> 0
B27: Kasaragod | C27: =COUNTIF(Members!$L$4:$L$1876,$B27) -> 276 | D27: =C27-H27 -> 0 | E27: =COUNTIFS(Members!$L$4:$L$1876,$B27,Members!$O$4:$O$1876,"Positive") -> 0 | F27: =COUNTIFS(Members!$L$4:$L$1876,$B27,Members!$O$4:$O$1876,"To Be Followed Up") -> 0 | G27: =COUNTIFS(Members!$L$4:$L$1876,$B27,Members!$O$4:$O$1876,"Negative") -> 0 | H27: =COUNTIFS(Members!$L$4:$L$1876,$B27,Members!$O$4:$O$1876,"Not Contacted") -> 276 | I27: =IFERROR(D27/C27,0) -> 0 | J27: =IFERROR(E27/MAX(1,D27),0) -> 0 | L27: =Lists!C11 -> Volunteer 9 | M27: =COUNTIF(Members!$P$4:$P$1876,$L27) -> 0 | N27: =M27-COUNTIFS(Members!$P$4:$P$1876,$L27,Members!$O$4:$O$1876,"Not Contacted") -> 0 | O27: =COUNTIFS(Members!$P$4:$P$1876,$L27,Members!$O$4:$O$1876,"Positive") -> 0
B28: Kollam | C28: =COUNTIF(Members!$L$4:$L$1876,$B28) -> 137 | D28: =C28-H28 -> 0 | E28: =COUNTIFS(Members!$L$4:$L$1876,$B28,Members!$O$4:$O$1876,"Positive") -> 0 | F28: =COUNTIFS(Members!$L$4:$L$1876,$B28,Members!$O$4:$O$1876,"To Be Followed Up") -> 0 | G28: =COUNTIFS(Members!$L$4:$L$1876,$B28,Members!$O$4:$O$1876,"Negative") -> 0 | H28: =COUNTIFS(Members!$L$4:$L$1876,$B28,Members!$O$4:$O$1876,"Not Contacted") -> 137 | I28: =IFERROR(D28/C28,0) -> 0 | J28: =IFERROR(E28/MAX(1,D28),0) -> 0 | L28: =Lists!C12 -> Volunteer 10 | M28: =COUNTIF(Members!$P$4:$P$1876,$L28) -> 0 | N28: =M28-COUNTIFS(Members!$P$4:$P$1876,$L28,Members!$O$4:$O$1876,"Not Contacted") -> 0 | O28: =COUNTIFS(Members!$P$4:$P$1876,$L28,Members!$O$4:$O$1876,"Positive") -> 0
B29: Kottayam | C29: =COUNTIF(Members!$L$4:$L$1876,$B29) -> 44 | D29: =C29-H29 -> 0 | E29: =COUNTIFS(Members!$L$4:$L$1876,$B29,Members!$O$4:$O$1876,"Positive") -> 0 | F29: =COUNTIFS(Members!$L$4:$L$1876,$B29,Members!$O$4:$O$1876,"To Be Followed Up") -> 0 | G29: =COUNTIFS(Members!$L$4:$L$1876,$B29,Members!$O$4:$O$1876,"Negative") -> 0 | H29: =COUNTIFS(Members!$L$4:$L$1876,$B29,Members!$O$4:$O$1876,"Not Contacted") -> 44 | I29: =IFERROR(D29/C29,0) -> 0 | J29: =IFERROR(E29/MAX(1,D29),0) -> 0 | L29: =Lists!C13 -> Volunteer 11 | M29: =COUNTIF(Members!$P$4:$P$1876,$L29) -> 0 | N29: =M29-COUNTIFS(Members!$P$4:$P$1876,$L29,Members!$O$4:$O$1876,"Not Contacted") -> 0 | O29: =COUNTIFS(Members!$P$4:$P$1876,$L29,Members!$O$4:$O$1876,"Positive") -> 0
B30: Kozhikode | C30: =COUNTIF(Members!$L$4:$L$1876,$B30) -> 87 | D30: =C30-H30 -> 0 | E30: =COUNTIFS(Members!$L$4:$L$1876,$B30,Members!$O$4:$O$1876,"Positive") -> 0 | F30: =COUNTIFS(Members!$L$4:$L$1876,$B30,Members!$O$4:$O$1876,"To Be Followed Up") -> 0 | G30: =COUNTIFS(Members!$L$4:$L$1876,$B30,Members!$O$4:$O$1876,"Negative") -> 0 | H30: =COUNTIFS(Members!$L$4:$L$1876,$B30,Members!$O$4:$O$1876,"Not Contacted") -> 87 | I30: =IFERROR(D30/C30,0) -> 0 | J30: =IFERROR(E30/MAX(1,D30),0) -> 0 | L30: =Lists!C14 -> Volunteer 12 | M30: =COUNTIF(Members!$P$4:$P$1876,$L30) -> 0 | N30: =M30-COUNTIFS(Members!$P$4:$P$1876,$L30,Members!$O$4:$O$1876,"Not Contacted") -> 0 | O30: =COUNTIFS(Members!$P$4:$P$1876,$L30,Members!$O$4:$O$1876,"Positive") -> 0
B31: Malappuram | C31: =COUNTIF(Members!$L$4:$L$1876,$B31) -> 125 | D31: =C31-H31 -> 0 | E31: =COUNTIFS(Members!$L$4:$L$1876,$B31,Members!$O$4:$O$1876,"Positive") -> 0 | F31: =COUNTIFS(Members!$L$4:$L$1876,$B31,Members!$O$4:$O$1876,"To Be Followed Up") -> 0 | G31: =COUNTIFS(Members!$L$4:$L$1876,$B31,Members!$O$4:$O$1876,"Negative") -> 0 | H31: =COUNTIFS(Members!$L$4:$L$1876,$B31,Members!$O$4:$O$1876,"Not Contacted") -> 125 | I31: =IFERROR(D31/C31,0) -> 0 | J31: =IFERROR(E31/MAX(1,D31),0) -> 0
B32: Palakkad | C32: =COUNTIF(Members!$L$4:$L$1876,$B32) -> 38 | D32: =C32-H32 -> 0 | E32: =COUNTIFS(Members!$L$4:$L$1876,$B32,Members!$O$4:$O$1876,"Positive") -> 0 | F32: =COUNTIFS(Members!$L$4:$L$1876,$B32,Members!$O$4:$O$1876,"To Be Followed Up") -> 0 | G32: =COUNTIFS(Members!$L$4:$L$1876,$B32,Members!$O$4:$O$1876,"Negative") -> 0 | H32: =COUNTIFS(Members!$L$4:$L$1876,$B32,Members!$O$4:$O$1876,"Not Contacted") -> 38 | I32: =IFERROR(D32/C32,0) -> 0 | J32: =IFERROR(E32/MAX(1,D32),0) -> 0
B33: Pathanamthitta | C33: =COUNTIF(Members!$L$4:$L$1876,$B33) -> 165 | D33: =C33-H33 -> 0 | E33: =COUNTIFS(Members!$L$4:$L$1876,$B33,Members!$O$4:$O$1876,"Positive") -> 0 | F33: =COUNTIFS(Members!$L$4:$L$1876,$B33,Members!$O$4:$O$1876,"To Be Followed Up") -> 0 | G33: =COUNTIFS(Members!$L$4:$L$1876,$B33,Members!$O$4:$O$1876,"Negative") -> 0 | H33: =COUNTIFS(Members!$L$4:$L$1876,$B33,Members!$O$4:$O$1876,"Not Contacted") -> 165 | I33: =IFERROR(D33/C33,0) -> 0 | J33: =IFERROR(E33/MAX(1,D33),0) -> 0
B34: Thiruvananthapuram | C34: =COUNTIF(Members!$L$4:$L$1876,$B34) -> 139 | D34: =C34-H34 -> 0 | E34: =COUNTIFS(Members!$L$4:$L$1876,$B34,Members!$O$4:$O$1876,"Positive") -> 0 | F34: =COUNTIFS(Members!$L$4:$L$1876,$B34,Members!$O$4:$O$1876,"To Be Followed Up") -> 0 | G34: =COUNTIFS(Members!$L$4:$L$1876,$B34,Members!$O$4:$O$1876,"Negative") -> 0 | H34: =COUNTIFS(Members!$L$4:$L$1876,$B34,Members!$O$4:$O$1876,"Not Contacted") -> 139 | I34: =IFERROR(D34/C34,0) -> 0 | J34: =IFERROR(E34/MAX(1,D34),0) -> 0
B35: Thrissur | C35: =COUNTIF(Members!$L$4:$L$1876,$B35) -> 348 | D35: =C35-H35 -> 0 | E35: =COUNTIFS(Members!$L$4:$L$1876,$B35,Members!$O$4:$O$1876,"Positive") -> 0 | F35: =COUNTIFS(Members!$L$4:$L$1876,$B35,Members!$O$4:$O$1876,"To Be Followed Up") -> 0 | G35: =COUNTIFS(Members!$L$4:$L$1876,$B35,Members!$O$4:$O$1876,"Negative") -> 0 | H35: =COUNTIFS(Members!$L$4:$L$1876,$B35,Members!$O$4:$O$1876,"Not Contacted") -> 348 | I35: =IFERROR(D35/C35,0) -> 0 | J35: =IFERROR(E35/MAX(1,D35),0) -> 0
B36: Wayanad | C36: =COUNTIF(Members!$L$4:$L$1876,$B36) -> 4 | D36: =C36-H36 -> 0 | E36: =COUNTIFS(Members!$L$4:$L$1876,$B36,Members!$O$4:$O$1876,"Positive") -> 0 | F36: =COUNTIFS(Members!$L$4:$L$1876,$B36,Members!$O$4:$O$1876,"To Be Followed Up") -> 0 | G36: =COUNTIFS(Members!$L$4:$L$1876,$B36,Members!$O$4:$O$1876,"Negative") -> 0 | H36: =COUNTIFS(Members!$L$4:$L$1876,$B36,Members!$O$4:$O$1876,"Not Contacted") -> 4 | I36: =IFERROR(D36/C36,0) -> 0 | J36: =IFERROR(E36/MAX(1,D36),0) -> 0
B37: Outside Kerala | C37: =COUNTIF(Members!$L$4:$L$1876,$B37) -> 26 | D37: =C37-H37 -> 0 | E37: =COUNTIFS(Members!$L$4:$L$1876,$B37,Members!$O$4:$O$1876,"Positive") -> 0 | F37: =COUNTIFS(Members!$L$4:$L$1876,$B37,Members!$O$4:$O$1876,"To Be Followed Up") -> 0 | G37: =COUNTIFS(Members!$L$4:$L$1876,$B37,Members!$O$4:$O$1876,"Negative") -> 0 | H37: =COUNTIFS(Members!$L$4:$L$1876,$B37,Members!$O$4:$O$1876,"Not Contacted") -> 26 | I37: =IFERROR(D37/C37,0) -> 0 | J37: =IFERROR(E37/MAX(1,D37),0) -> 0
B38: Unmatched — check | C38: =COUNTIF(Members!$L$4:$L$1876,$B38) -> 115 | D38: =C38-H38 -> 0 | E38: =COUNTIFS(Members!$L$4:$L$1876,$B38,Members!$O$4:$O$1876,"Positive") -> 0 | F38: =COUNTIFS(Members!$L$4:$L$1876,$B38,Members!$O$4:$O$1876,"To Be Followed Up") -> 0 | G38: =COUNTIFS(Members!$L$4:$L$1876,$B38,Members!$O$4:$O$1876,"Negative") -> 0 | H38: =COUNTIFS(Members!$L$4:$L$1876,$B38,Members!$O$4:$O$1876,"Not Contacted") -> 115 | I38: =IFERROR(D38/C38,0) -> 0 | J38: =IFERROR(E38/MAX(1,D38),0) -> 0
B39: TOTAL | C39: =SUM(C23:C38) -> 1873 | D39: =SUM(D23:D38) -> 0 | E39: =SUM(E23:E38) -> 0 | F39: =SUM(F23:F38) -> 0 | G39: =SUM(G23:G38) -> 0 | H39: =SUM(H23:H38) -> 1873 | I39: =IFERROR(D39/C39,0) -> 0 | J39: =IFERROR(E39/MAX(1,D39),0) -> 0
L42: HOW TO USE THIS WORKBOOK
L43: 1. | M43: Open the Members sheet. Filter column L (District) or column J (Emirate) to split the list between callers.
L44: 2. | M44: Set column P (Assigned To) for each block. Rename the volunteers on the Lists sheet first.
L45: 3. | M45: After each call, set column O (Call Status) from the drop-down. That single entry drives every number here.
L46: 4. | M46: Record the date in Q, how you reached them in R, and anything useful in T (Remarks).
L47: 5. | M47: For "To Be Followed Up", always put a date in S. Past-dated follow-ups turn red automatically.
L49: Example row: | M49: IAS ID 3115 · RAJENDRAN.P · Status "Positive" · Assigned "Volunteer 3" · Date 12/08/2026 · Method "WhatsApp" · Remarks "Confirmed, will bring wife too"
L51: DATA QUALITY NOTES
L52: · | M52: Source: Members_28_04_2026.pdf (232 pages, Crystal Reports export). 1,873 of 1,880 member cards parsed — 99.6%.
L53: · | M53: District is derived from the India address text, not a field in the source PDF. 115 addresses could not be matched and show "Unmatched — check" in red.
L54: · | M54: UAE mobiles normalised to 05XXXXXXXX. 2 members have no UAE mobile; 1 has no phone number at all.
L55: · | M55: Emirate is inferred from the PO Box line. 180 members have no emirate recorded in the source.
L56: · | M56: Age is a live formula from date of birth, so it stays correct over time. Median age is 56.

Sheet Members
A1: INDIAN ASSOCIATION SHARJAH | ELECTION CAMPAIGN — MEMBER CONTACT REGISTER
A2: Columns A–N are extracted from the membership PDF — do not edit. Columns O–T (shaded) are for the campaign team to fill in. Every entry updates the Dashboard automatically.
A3: S.No | B3: IAS ID | C3: Member Name | D3: Type | E3: Date of Birth | F3: Age | G3: Mobile (UAE) | H3: Phone (India) | I3: Email | J3: Emirate | K3: Place / Address | L3: District | M3: Blood Grp | N3: Member Since | O3: Call Status | P3: Assigned To | Q3: Contact Date | R3: Contact Method | S3: Next Follow-up | T3: Remarks
A4: 1 | B4: 19 | C4: GEORGE K.T. | D4: L | E4: 13793 | F4: =IFERROR(DATEDIF(E4,TODAY(),"Y"),"") -> 88 | G4: 0506464369 | H4: 5413320471 | J4: Sharjah | K4: T.C.3/1004, OPPOSITE HOLY CROSS, CHURCH, MUTTADA, TRIVANDRUM | L4: Thiruvananthapuram | M4: B+ | N4: 30740 | O4: Not Contacted | P4: Unassigned
A5: 2 | B5: 32 | C5: KASIM KUNJU M.M. | D5: L | E5: 16929 | F5: =IFERROR(DATEDIF(E5,TODAY(),"Y"),"") -> 80 | G5: 0504817685 | H5: 4702692004 | I5: kassim@binmalik.ae | J5: Sharjah | K5: K.V.P.HOUSE, PERROR.PO,KILIMANOOR, TRIVANDRUM DISTRICT, KERALA | L5: Thiruvananthapuram | N5: 30849 | O5: Not Contacted | P5: Unassigned
A6: 3 | B6: 37 | C6: NAVINCHANDRA NARAINDAS RAIPANCHO L I LAL | D6: L | E6: 15269 | F6: =IFERROR(DATEDIF(E6,TODAY(),"Y"),"") -> 84 | G6: 0506324580 | H6: 9869770775 | J6: Sharjah | K6: RAMCHANDRA LANE, S.C.MALAD, BOMBAY. | L6: Outside Kerala | N6: 29108 | O6: Not Contacted | P6: Unassigned
A7: 4 | B7: 63 | C7: SHAMSUDHEEN K.V. | D7: L | E7: 16844 | F7: =IFERROR(DATEDIF(E7,TODAY(),"Y"),"") -> 80 | G7: 0506467801 | H7: 9745131310 | I7: kvshams@gmail.com | J7: Sharjah | K7: GLANDALE POINT, 7C-6/235 G3, BANK STREET, CALICUT-673001 | L7: Kozhikode | M7: O+ | N7: 28967 | O7: Not Contacted | P7: Unassigned
A8: 5 | B8: 87 | C8: Adv. Y.A.RAHIM | D8: L | E8: 21141 | F8: =IFERROR(DATEDIF(E8,TODAY(),"Y"),"") -> 68 | G8: 0506320994 | H8: 471433316 | I8: adv.yarahim@gmail.com | J8: Sharjah | K8: T.C.5/1568 AMBALAMUKKU, KOWDIAR, TRIVANDRUM DISTRICT, KERALA | L8: Thiruvananthapuram | N8: 32553 | O8: Not Contacted | P8: Unassigned
A9: 6 | B9: 101 | C9: MOHAMMEDUNNI M.C. | D9: L | E9: 20920 | F9: =IFERROR(DATEDIF(E9,TODAY(),"Y"),"") -> 69 | G9: 0506460753 | I9: indane2016@gmail.com | J9: Ajman | K9: MANALATHU VALAPPIL HOUSE,, POST CHALISSERY, PALAKKAD, 00914662256119 | L9: Palakkad | M9: B+ | N9: 32559 | O9: Not Contacted | P9: Unassigned
A10: 7 | B10: 105 | C10: MOIDUNNI K. | D10: L | E10: 19998 | F10: =IFERROR(DATEDIF(E10,TODAY(),"Y"),"") -> 71 | G10: 0504630151 | H10: 494681354 | J10: Sharjah | K10: KALAKKAT HOUSE, EDAPPAL CHUNGAM, SUKAPURAM POST, MALAPPURAM | L10: Malappuram | N10: 32554 | O10: Not Contacted | P10: Unassigned
A11: 8 | B11: 109 | C11: V.T.JACOB | D11: L | E11: 18970 | F11: =IFERROR(DATEDIF(E11,TODAY(),"Y"),"") -> 74 | G11: 0507977146 | H11: 4885242208 | I11: jacob.vazhappilly@oce.ae | J11: Ajman | K11: VAZHAPPILLY HOUSE, ERANELLUR POST, VIA KECHERY, TRICHUR DISTRICT | L11: Thrissur | M11: O+ | N11: 31349 | O11: Not Contacted | P11: Unassigned
A12: 9 | B12: 110 | C12: N.ABDUL KADER | D12: L | E12: 17349 | F12: =IFERROR(DATEDIF(E12,TODAY(),"Y"),"") -> 79 | G12: 0504974412 | H12: 4942440756 | I12: nabdulkader@crescent.ae | J12: Sharjah | K12: NALAKATH HOUSE, MOOLAKKAL, POST K-PURAM, VIA TANALUR-676307 | L12: Unmatched — check | N12: 30702 | O12: Not Contacted | P12: Unassigned
A13: 10 | B13: 111 | C13: TEL (O): 600548888 | D13: EXT | E13: 22042 | F13: =IFERROR(DATEDIF(E13,TODAY(),"Y"),"") -> 66 | G13: 0507000205 | H13: 9895557000 | I13: bash@safetymarine.com | K13: PADIYATH PARAVANNUR,PO.KALPAKANCHERY, MALAPPURAM DT, KERALA | L13: Malappuram | N13: 40988 | O13: Not Contacted | P13: Unassigned
A14: 11 | B14: 117 | C14: VARGHESE T.V. | D14: L | E14: 20586 | F14: =IFERROR(DATEDIF(E14,TODAY(),"Y"),"") -> 70 | G14: 0566727011 | H14: 485959140 | J14: Sharjah | K14: THOTTANKARA HOUSE, CHERANALLOOR, PERUMBAVOOR-683544, ERNAKULAM | L14: Ernakulam | N14: 32555 | O14: Not Contacted | P14: Unassigned
A15: 12 | B15: 126 | C15: YOUSEPH SAGHEER K.S. | D15: L | E15: 21112 | F15: =IFERROR(DATEDIF(E15,TODAY(),"Y"),"") -> 68 | G15: 0506287595 | I15: yousephsageer@gmail.com | J15: Sharjah | K15: KAKKASSERY HOUSE, MATHILAKAM, POST, TRICHUR DISTRICT, KERALA, 0091 9744287595 | L15: Thrissur | M15: O+ | N15: 30706 | O15: Not Contacted | P15: Unassigned
A16: 13 | B16: 129 | C16: SUBHAS CHANDRABOSE .P.V. | D16: L | E16: 20055 | F16: =IFERROR(DATEDIF(E16,TODAY(),"Y"),"") -> 71 | G16: 0507967459 | I16: shyamsubash@yahoo.com | J16: Dubai | K16: PARAMEL HOUSE, POST ADAT, TRICHUR, ,KERALA STATE., 0091 9846 447755 | L16: Thrissur | M16: O+ | N16: 30853 | O16: Not Contacted | P16: Unassigned
A17: 14 | B17: 136 | C17: MOHAMMED JALEEL .M.C. | D17: L | E17: 22063 | F17: =IFERROR(DATEDIF(E17,TODAY(),"Y"),"") -> 66 | G17: 0506526385 | H17: 91490332696 | I17: jaleelmcm60@gmail.com | J17: Dubai | K17: 'SANTHOSH', POST PERINGADI, NEW MAHE, KERALA. | L17: Kannur | M17: O+ | N17: 32554 | O17: Not Contacted | P17: Unassigned
A18: 15 | B18: 141 | C18: MANOHARAN .V. | D18: L | E18: 19343 | F18: =IFERROR(DATEDIF(E18,TODAY(),"Y"),"") -> 73 | G18: 0557661249 | H18: 4972860383 | I18: m.velutheri@gmail.com | J18: Sharjah | K18: VELUTHERI HOUSE, KATTAMPALLY, POST, KANNUR DISTRICT, KERALA | L18: Kannur | M18: O+ | N18: 32557 | O18: Not Contacted | P18: Unassigned
A19: 16 | B19: 160 | C19: JACOB GEORGE | D19: L | E19: 20033 | F19: =IFERROR(DATEDIF(E19,TODAY(),"Y"),"") -> 71 | G19: 0506348037 | H19: 4735227453 | I19: mushiraf@emirates.net.ae | J19: Sharjah | K19: KANJIKUZHIYIL HOUSE, THEKKEPURAM, RANNY POST, PATHANAMTHITTA | L19: Pathanamthitta | M19: A+ | N19: 32558 | O19: Not Contacted | P19: Unassigned
A20: 17 | B20: 163 | C20: SIVANKUTTY NAIR P.R. | D20: L | E20: 18752 | F20: =IFERROR(DATEDIF(E20,TODAY(),"Y"),"") -> 75 | G20: 0506267142 | I20: novelemllc@yahoo.com | J20: Sharjah | K20: FLAT NO, C 2 bHAGEERATHA APARTMENT kANJIRAMPARA P, VATTIYOORKAVU,TRIVANDRUM DT | L20: Thiruvananthapuram | M20: A+ | N20: 32551 | O20: Not Contacted | P20: Unassigned
A21: 18 | B21: 164 | C21: UNNIKRISHNAN M. | D21: L | E21: 19419 | F21: =IFERROR(DATEDIF(E21,TODAY(),"Y"),"") -> 73 | G21: 0506790491 | J21: Ajman | K21: KALLARMANGALAM POST, VIA, KADAMPUZHA, MALAPPURAM DISTRICT, 0091-494 -61014 | L21: Malappuram | M21: O+ | N21: 32540 | O21: Not Contacted | P21: Unassigned
A22: 19 | B22: 165 | C22: JOSE K.K. | D22: L | E22: 14389 | F22: =IFERROR(DATEDIF(E22,TODAY(),"Y"),"") -> 87 | G22: 0501859931 | H22: 42322311279487872123 | I22: kkjose39@yahoo.com | J22: Sharjah | K22: HIGH FIELD COTTAGE#26, HIGH FIELD - COONOOR-643101, NILGIRIS DISTRICT | L22: Unmatched — check | M22: AB- | N22: 32555 | O22: Not Contacted | P22: Unassigned
A23: 20 | B23: 169 | C23: SADANANDAN T. K. | D23: L | E23: 18763 | F23: =IFERROR(DATEDIF(E23,TODAY(),"Y"),"") -> 75 | G23: 0506461680 | H23: 9446125437 | I23: sadantk@hotmail.com | J23: Sharjah | K23: THOTTINTE KIZHAKETHIL HOUSE, POST PUNTHALA, VIA KULANADA-689503 | L23: Unmatched — check | N23: 32551 | O23: Not Contacted | P23: Unassigned
A24: 21 | B24: 172 | C24: RAVINDRAN K.V. | D24: L | E24: 17319 | F24: =IFERROR(DATEDIF(E24,TODAY(),"Y"),"") -> 79 | G24: 0504554410 | H24: 497800071 | I24: ravindrankv48@yahoo.com | J24: Sharjah | K24: POST EDAT, VIA PAYYANNOOR, KANNUR DISTRICT, KERALA | L24: Kannur | M24: O+ | N24: 32540 | O24: Not Contacted | P24: Unassigned
A25: 22 | B25: 178 | C25: TEL (O): 06 5588888 | D25: EXT | E25: 26383 | F25: =IFERROR(DATEDIF(E25,TODAY(),"Y"),"") -> 54 | G25: 0505178700 | H25: 8943804638 | I25: aslamakattil@yahoo.com | K25: ANDIKATTIL HOUSE, MANNENGODE POST, PALAKKAD DT, EKRALA | L25: Palakkad | M25: O+ | N25: 40607 | O25: Not Contacted | P25: Unassigned
A26: 23 | B26: 194 | C26: KOLAVAYAL HASSAN | D26: L | E26: 19467 | F26: =IFERROR(DATEDIF(E26,TODAY(),"Y"),"") -> 73 | G26: 0506324975 | J26: Sharjah | K26: MONOKOTH KOTHIL HOUSE, KANHANGAD, KASARGOD DISTRICT | L26: Kasaragod | N26: 32555 | O26: Not Contacted | P26: Unassigned
A27: 24 | B27: 198 | C27: MATHEW THOMAS | D27: L | E27: 21692 | F27: =IFERROR(DATEDIF(E27,TODAY(),"Y"),"") -> 67 | G27: 0506797491 | I27: mathewtc@hotmail.com | J27: Ajman | K27: CHENGANDAYIL HOUSE, PONGA POST, VIA THEKKEKARA, ALLEPPEY, 762050 | L27: Alappuzha | M27: O+ | N27: 32558 | O27: Not Contacted | P27: Unassigned
A28: 25 | B28: 199 | C28: JACOB KURIEN .K | D28: L | E28: 19271 | F28: =IFERROR(DATEDIF(E28,TODAY(),"Y"),"") -> 73 | G28: 0555555836 | I28: jkk1504@gmail.com | J28: Ajman | K28: PALATHUMTHALAKKAL, THIRPPARAPU, KULASEKHARAM, KANYAKUMARY | L28: Unmatched — check | N28: 30737 | O28: Not Contacted | P28: Unassigned
A29: 26 | B29: 207 | C29: MADHAVAN THACHANGAD | D29: L | E29: 21404 | F29: =IFERROR(DATEDIF(E29,TODAY(),"Y"),"") -> 68 | G29: 0504580399 | I29: madhavan.kodorban@ricoh-europe.com | J29: Dubai | K29: THACHANGAD HOUSE, POST PANAYAL, VIA BEKAL, KASARGOD DISTRICT | L29: Kasaragod | N29: 32557 | O29: Not Contacted | P29: Unassigned
A30: 27 | B30: 226 | C30: P.M.JOSE | D30: L | E30: 19157 | F30: =IFERROR(DATEDIF(E30,TODAY(),"Y"),"") -> 74 | G30: 0506464569 | H30: 475712017 | I30: seasonpllc@gmail.com | J30: Sharjah | K30: PLAMMOOTTIL HOUSE, KULANADA POST, PANDALAM, PATHANAMTHITTA DISTRICT | L30: Pathanamthitta | N30: 32552 | O30: Not Contacted | P30: Unassigned
A31: 28 | B31: 227 | C31: P.C.SIMON | D31: L | E31: 18033 | F31: =IFERROR(DATEDIF(E31,TODAY(),"Y"),"") -> 77 | G31: 0502772525 | H31: 488574348 | I31: pcsimon@eim.ae | J31: Sharjah | K31: 28/564, EZHUTHACHAN NAGAR, NEAR, VADAKKECHIRA, TRICHUR-680001 | L31: Thrissur | M31: AB+ | N31: 30687 | O31: Not Contacted | P31: Unassigned
A32: 29 | B32: 233 | C32: RAJAN M K | D32: L | E32: 17676 | F32: =IFERROR(DATEDIF(E32,TODAY(),"Y"),"") -> 78 | G32: 0506464958 | H32: 474482089 | I32: mkrajan@eim.ae | J32: Sharjah | K32: MUKALIL HOUSE, CHITTAKODE, KARUVELIL POST, EZHUKONE-691505 | L32: Unmatched — check | M32: O+ | N32: 31360 | O32: Not Contacted | P32: Unassigned
A33: 30 | B33: 235 | C33: JOHN MATHAI | D33: L | E33: 21682 | F33: =IFERROR(DATEDIF(E33,TODAY(),"Y"),"") -> 67 | G33: 0504811206 | I33: johnmcm@eim.ae | J33: Sharjah | K33: PAITAYIL DHANYA, FIRST MILE, PERINGALA-PO.,, KAYAMKULAM, ALLEPPEY DT,KERALA, 0091 9645455559 | L33: Alappuzha | M33: O | N33: 32557 | O33: Not Contacted | P33: Unassigned
A34: 31 | B34: 236 | C34: JALEEL T. M. A. | D34: L | E34: 21098 | F34: =IFERROR(DATEDIF(E34,TODAY(),"Y"),"") -> 68 | G34: 0508933479 | J34: Sharjah | K34: POST PALAPPETTY, VELIANKODE, MALAPPURAM DISTRICT-679579 | L34: Malappuram | N34: 30696 | O34: Not Contacted | P34: Unassigned
A35: 32 | B35: 239 | C35: HAMZA PUTHOOR | D35: L | E35: 21297 | F35: =IFERROR(DATEDIF(E35,TODAY(),"Y"),"") -> 68 | G35: 0554326086 | H35: 8089080139 | I35: puthoorhamza@gmail.com | J35: Sharjah | K35: BEKAL FORT POST, THUTTE,, KASARGOD DISTRICT, KERALA | L35: Kasaragod | N35: 32555 | O35: Not Contacted | P35: Unassigned
A36: 33 | B36: 253 | C36: TEL (O): 06 5325353 - | D36: EXT | E36: 26992 | F36: =IFERROR(DATEDIF(E36,TODAY(),"Y"),"") -> 52 | G36: 0506337813 | H36: 9447225499 | I36: okhaneef@yahoo.com | K36: AL HILAL, MUKKOOD P.O, RAVANESHWAR, PALLIKERE VIA KASARAGOD DT. | L36: Kasaragod | N36: 38520 | O36: Not Contacted | P36: Unassigned
A37: 34 | B37: 256 | C37: CHERIAN THOMAS | D37: L | E37: 22488 | F37: =IFERROR(DATEDIF(E37,TODAY(),"Y"),"") -> 65 | G37: 0506263398 | H37: 9961263635 | I37: regicheri@gmail.com | J37: Sharjah | K37: PEEDIKAYIL PLAMMOOTTIL, KOZHENCHERY, POST, PATHANAMTHITTA DISTRICT | L37: Pathanamthitta | M37: B+ | N37: 32555 | O37: Not Contacted | P37: Unassigned
A38: 35 | B38: 268 | C38: ABRAHAM KURIAN | D38: L | E38: 22799 | F38: =IFERROR(DATEDIF(E38,TODAY(),"Y"),"") -> 64 | G38: 0506360886 | H38: 4842642742 | I38: chirackalkurian@gmail.com | J38: Sharjah | K38: CHIRACKAL HOUSE, KOOVAPPADY POST, AYATHUPADY, PERUMBAVOOR VIA | L38: Ernakulam | N38: 30739 | O38: Not Contacted | P38: Unassigned
A39: 36 | B39: 275 | C39: R.P.MURALY | D39: L | E39: 21149 | F39: =IFERROR(DATEDIF(E39,TODAY(),"Y"),"") -> 68 | G39: 0506265615 | H39: 9048887537 | I39: muralyputhuvelil@gmail.com | J39: Dubai | K39: MURALEERAVAM PUTHUVELIL,MALLASSERY P.O.,, PRAMADOM,VELAN KADAVU, PATHANAMTHITTA. | L39: Pathanamthitta | M39: B+ | N39: 30709 | O39: Not Contacted | P39: Unassigned
A40: 37 | B40: 281 | C40: M.HARIDAS | D40: L | E40: 20317 | F40: =IFERROR(DATEDIF(E40,TODAY(),"Y"),"") -> 70 | G40: 0555548916 | H40: 4942451903 | I40: haridas_melepat@hotmail.com | J40: Ajman | K40: MELEPAT HOUSE, POST VALIYORA, MALAPPURAM DISTRICT-676308,KERALA | L40: Malappuram | M40: O+ | N40: 32567 | O40: Not Contacted | P40: Unassigned
A41: 38 | B41: 295 | C41: KUNJU NAIR RAJAN | D41: L | E41: 18323 | F41: =IFERROR(DATEDIF(E41,TODAY(),"Y"),"") -> 76 | G41: 0506968044 | H41: 4872540713 | I41: kunjunairrajan@yahoo.com | J41: Sharjah | K41: "AMRITHA" KOOLIYAT, POST, VADAKKEKKAD, TRICHUR DISTRICT | L41: Thrissur | M41: O+ | N41: 30685 | O41: Not Contacted | P41: Unassigned
A42: 39 | B42: 300 | C42: ABDUL HAMEED T.K. | D42: L | E42: 19272 | F42: =IFERROR(DATEDIF(E42,TODAY(),"Y"),"") -> 73 | G42: 0502885007 | H42: 9747400279 | I42: mexicobm@yahoo.com | J42: Sharjah | K42: KOPPARA HOUSE, MANATHALA, POST, CHAVAKKAD-680506, TRICHUR DISTRICT | L42: Thrissur | M42: B+ | N42: 30707 | O42: Not Contacted | P42: Unassigned
A43: 40 | B43: 304 | C43: KUNHIKANNAN NAIR V. | D43: L | E43: 21217 | F43: =IFERROR(DATEDIF(E43,TODAY(),"Y"),"") -> 68 | G43: 0544779990 | H43: 467227441 | I43: vengeiln@yahoo.com | J43: Sharjah | K43: THACHANGAD HOUSE, POST PANAYAL, VIA BEKAL, KASARGOD DISTRICT | L43: Kasaragod | M43: B+ | N43: 30707 | O43: Not Contacted | P43: Unassigned
A44: 41 | B44: 305 | C44: T.M.SAIDU MOHAMED | D44: L | E44: 22767 | F44: =IFERROR(DATEDIF(E44,TODAY(),"Y"),"") -> 64 | H44: 4928369 | I44: sanad1859@hotmail.com | J44: Ajman | K44: III/193 THEKKEPEEDIKAIL, CHALISSERY, POST-679536, PALAKKAD DISTRICT | L44: Palakkad | M44: B+ | N44: 32557 | O44: Not Contacted | P44: Unassigned
A45: 42 | B45: 313 | C45: K.KUNHIRAMAN | D45: L | E45: 20563 | F45: =IFERROR(DATEDIF(E45,TODAY(),"Y"),"") -> 70 | G45: 0506965906 | J45: Sharjah | K45: THACHANGAD HOUSE, POST PANIYAL, VIA BEKAL, KASARGOD DISTRICT | L45: Kasaragod | N45: 32557 | O45: Not Contacted | P45: Unassigned
A46: 43 | B46: 328 | C46: VARGHESE SAMUEL | D46: L | E46: 20647 | F46: =IFERROR(DATEDIF(E46,TODAY(),"Y"),"") -> 70 | G46: 0507278925 | H46: 4792325591 | I46: sujaraj@eim.ae | J46: Sharjah | K46: VALLIATH, CHERUKOLE, MAVELIKARA, ALLEPPEY DISTRICT, KERALA | L46: Alappuzha | M46: A+ | N46: 32551 | O46: Not Contacted | P46: Unassigned
A47: 44 | B47: 331 | C47: M.ABDUL VAHEED | D47: L | E47: 20859 | F47: =IFERROR(DATEDIF(E47,TODAY(),"Y"),"") -> 69 | G47: 0506328937 | H47: 9400350765 | I47: abdul.vahid@snoc.ae | J47: Sharjah | K47: VILAYIL VEEDU, THONNAKKAL,, KADAVOOR, POST MURUKKUMPUZHA. | L47: Unmatched — check | M47: B+ | N47: 32554 | O47: Not Contacted | P47: Unassigned
A48: 45 | B48: 332 | C48: V.SUBRAMANIAN | D48: L | E48: 19511 | F48: =IFERROR(DATEDIF(E48,TODAY(),"Y"),"") -> 73 | G48: 0507585106 | I48: manivakayil@yahoo.com | J48: Dubai | K48: VAKAYIL HOUSE, AMBALAVAYAL POST, PIN-673593, WAYANAD DISTRICT | L48: Wayanad | M48: O+ | N48: 30702 | O48: Not Contacted | P48: Unassigned
A49: 46 | B49: 341 | C49: C.THOMAS THOMAS | D49: L | E49: 18285 | F49: =IFERROR(DATEDIF(E49,TODAY(),"Y"),"") -> 76 | G49: 0562605166 | I49: thomas.sajin@yahoo.com | J49: Sharjah | K49: CHERUPUZHATHU HOUSE, KURUNGAZHA, POST, PULLAD, TIRUVALLA, DISTRICT | L49: Pathanamthitta | M49: O+ | N49: 32551 | O49: Not Contacted | P49: Unassigned
A50: 47 | B50: 351 | C50: PARAYIL MOHANAN | D50: L | E50: 20042 | F50: =IFERROR(DATEDIF(E50,TODAY(),"Y"),"") -> 71 | G50: 0504951581 | H50: 497862920 | I50: parayilmohanan@yahoo.com | J50: Sharjah | K50: PARAYIL HOUSE, AYYOTH, KANNAPURAM, POST CHERUKUNNU, KANNUR DISTRICT | L50: Kannur | M50: O+ | N50: 32553 | O50: Not Contacted | P50: Unassigned
A51: 48 | B51: 358 | C51: M.HAMEED | D51: L | E51: 21899 | F51: =IFERROR(DATEDIF(E51,TODAY(),"Y"),"") -> 66 | G51: 0505998921 | J51: Sharjah | K51: MANGAD, POST BARE, UDMA, KASARGOD DISTRICT, KERALA | L51: Kasaragod | N51: 32557 | O51: Not Contacted | P51: Unassigned
A52: 49 | B52: 364 | C52: P.P.HYDRU | D52: L | E52: 20678 | F52: =IFERROR(DATEDIF(E52,TODAY(),"Y"),"") -> 69 | G52: 0504620155 | H52: 4942454405 | I52: pphydru@yahoo.com | J52: Sharjah | K52: PUTHUPOTTAYIL HOUSE, POST VENGARA, MALAPPURAM DISTRICT, KERALA | L52: Malappuram | M52: AB+ | N52: 32554 | O52: Not Contacted | P52: Unassigned
A53: 50 | B53: 367 | C53: K.KUNHIKANNAN | D53: L | E53: 21644 | F53: =IFERROR(DATEDIF(E53,TODAY(),"Y"),"") -> 67 | G53: 0503029875 | H53: 9895774683 | I53: kunhikannank@ae.lulumea.com | J53: Sharjah | K53: ARUN NIVAS, KIZHAKKUMKARA, AJANNUR, POST, KANHANGAD VIA, KASARGOD | L53: Kasaragod | M53: O+ | N53: 32551 | O53: Not Contacted | P53: Unassigned
A54: 51 | B54: 371 | C54: V.NARAYANAN | D54: L | E54: 18112 | F54: =IFERROR(DATEDIF(E54,TODAY(),"Y"),"") -> 77 | G54: 0559807363 | I54: vnarayan35@hotmail.com | J54: Dubai | K54: NAVEENAM ERIYANATE, NELLIKATE, POST BALLA, VIA KANHANGAD, 0091-499-705204 | L54: Kasaragod | N54: 32567 | O54: Not Contacted | P54: Unassigned
A55: 52 | B55: 394 | C55: T.A.ABDU RAHIMAN | D55: L | E55: 18725 | F55: =IFERROR(DATEDIF(E55,TODAY(),"Y"),"") -> 75 | G55: 0506344323 | H55: 9544442729 | I55: polyclinic1@gmail.com | J55: Ajman | K55: 10 C, ABAD SILVER CRUST,, KADAVANTHRA, ERNAKULAM, KERALA | L55: Ernakulam | N55: 31349 | O55: Not Contacted | P55: Unassigned
A56: 53 | B56: 397 | C56: K.K.KARUNAKARAN | D56: L | E56: 16900 | F56: =IFERROR(DATEDIF(E56,TODAY(),"Y"),"") -> 80 | G56: 0506312957 | H56: 488574535 | I56: KKODATHOOR@YAHOO.COM | J56: Sharjah | K56: KODATHOOR HOUSE, CHERUTHURUTHY, DESAM, POST PAZHANJI, TRICHUR | L56: Thrissur | M56: O+ | N56: 32557 | O56: Not Contacted | P56: Unassigned
A57: 54 | B57: 402 | C57: N.SUDEVAN | D57: L | E57: 18597 | F57: =IFERROR(DATEDIF(E57,TODAY(),"Y"),"") -> 75 | G57: 0506352126 | H57: 4712551560 | I57: jbwoodworks@gmail.com | J57: Umm Al Quwain | K57: T.C.NO.2/2059(1) "SAROVARAM", JEEVAN NAGAR, POTTAKUZHI, PATTOM POST, TRIVANDRUM DISTRICT | L57: Thiruvananthapuram | M57: B+ | N57: 32551 | O57: Not Contacted | P57: Unassigned
A58: 55 | B58: 404 | C58: K.VALSAKUMAR | D58: L | E58: 18378 | F58: =IFERROR(DATEDIF(E58,TODAY(),"Y"),"") -> 76 | G58: 0506286411 | I58: kvkmenon99@gmail.com | J58: Sharjah | K58: LAKSHMI NIVAS, POST KURUMALA, CHELAKARA, TRICHUR DISTRICT | L58: Thrissur | N58: 30696 | O58: Not Contacted | P58: Unassigned
A59: 56 | B59: 408 | C59: N.P.HAMEED | D59: L | E59: 19909 | F59: =IFERROR(DATEDIF(E59,TODAY(),"Y"),"") -> 72 | G59: 0555782820 | H59: 4872555545 | I59: nphameed@gmail.com | J59: Sharjah | K59: POOVATHOOR POST, VIA CHAVAKAD, TRICHUR DISTRICT, KERALA | L59: Thrissur | M59: B+ | N59: 30721 | O59: Not Contacted | P59: Unassigned
A60: 57 | B60: 428 | C60: M.V.USMAN | D60: L | E60: 19908 | F60: =IFERROR(DATEDIF(E60,TODAY(),"Y"),"") -> 72 | G60: 0506973008 | H60: 4872555984 | I60: aljasarsm@gmail.com | J60: Sharjah | K60: M.V.HOUSE, KARAKKAD, POST, GURUVAYOOR, TRICHUR DISTRICT | L60: Thrissur | M60: A+ | N60: 31381 | O60: Not Contacted | P60: Unassigned
A61: 58 | B61: 429 | C61: M.HAMZA | D61: L | E61: 21957 | F61: =IFERROR(DATEDIF(E61,TODAY(),"Y"),"") -> 66 | G61: 0503624796 | H61: 4872556895 | I61: hamza1hibanas@yahoo.co.in | J61: Sharjah | K61: MUSLEM VEETTIL HOUSE, KARAKKAD, POST, GURUVAYOOR, TRICHUR | L61: Thrissur | M61: O+ | N61: 32554 | O61: Not Contacted | P61: Unassigned
A62: 59 | B62: 433 | C62: M.V.RASHEED | D62: L | E62: 21335 | F62: =IFERROR(DATEDIF(E62,TODAY(),"Y"),"") -> 68 | G62: 0508642880 | H62: 4872555984 | I62: aljasarsm@gmail.com | J62: Sharjah | K62: M.V.HOUSE, KARAKKAD, POST, GURUVAYOOR, TRICHUR DISTRICT, PLIN. 680101 | L62: Thrissur | M62: O+ | N62: 32555 | O62: Not Contacted | P62: Unassigned
A63: 60 | B63: 434 | C63: M.UMMER | D63: L | E63: 19153 | F63: =IFERROR(DATEDIF(E63,TODAY(),"Y"),"") -> 74 | G63: 0504975997 | H63: 487552169 | J63: Sharjah | K63: M.V.HOUSE, KARAKKAD, POST, GURUVAYOOR, TRICHUR DISTRICT | L63: Thrissur | M63: AB+ | N63: 32559 | O63: Not Contacted | P63: Unassigned
A64: 61 | B64: 436 | C64: T.K.ABDUL RAHIMAN | D64: L | E64: 19013 | F64: =IFERROR(DATEDIF(E64,TODAY(),"Y"),"") -> 74 | G64: 0506363628 | I64: falconms@emirates.net.ae | J64: Sharjah | K64: POST KAIPAMANGALAM, TRICHUR, DISTRICT, PIN-680681, KERALA, 488-814669 | L64: Thrissur | M64: O+ | N64: 32564 | O64: Not Contacted | P64: Unassigned
A65: 62 | B65: 439 | C65: K.MUSTHAFA | D65: L | E65: 18342 | F65: =IFERROR(DATEDIF(E65,TODAY(),"Y"),"") -> 76 | G65: 0502568608 | J65: Sharjah | K65: "SAMEERA MANZIL", MULLAKKODI, POST, MAYYIL VIA, KANNUR DISTRICT, 498-275312 | L65: Kannur | M65: B+ | N65: 31386 | O65: Not Contacted | P65: Unassigned
A66: 63 | B66: 440 | C66: M.S.ANIRUDHAN | D66: L | E66: 20780 | F66: =IFERROR(DATEDIF(E66,TODAY(),"Y"),"") -> 69 | G66: 0503611367 | H66: 4802829207 | I66: marathanil@gmail.com | J66: Sharjah | K66: MARATH HOUSE, NEAR CHRIST COLLEGE, POST IRINJALAKUDA, TRICHUR DISTRICT | L66: Thrissur | M66: AB+ | N66: 32559 | O66: Not Contacted | P66: Unassigned
A67: 64 | B67: 442 | C67: LALU ABRAHAM | D67: L | E67: 20606 | F67: =IFERROR(DATEDIF(E67,TODAY(),"Y"),"") -> 70 | G67: 0506946456 | H67: 473319032 | I67: lalu1956@hotmail.com | J67: Sharjah | K67: THIRUVALLA KALAYIL HOUSE, ARANMULA POST, PATHANAMTHITTA | L67: Pathanamthitta | M67: O+ | N67: 32555 | O67: Not Contacted | P67: Unassigned
A68: 65 | B68: 444 | C68: THOMAS P. JOHN | D68: L | E68: 17823 | F68: =IFERROR(DATEDIF(E68,TODAY(),"Y"),"") -> 77 | G68: 0505298766 | J68: Sharjah | K68: POONITHARA HOUSE, KUMARAKOM, POST, KOTTAYAM DISTRICT, KERALA | L68: Kottayam | M68: O+ | N68: 32551 | O68: Not Contacted | P68: Unassigned
A69: 66 | B69: 445 | C69: A.P.RAJAN | D69: L | E69: 20058 | F69: =IFERROR(DATEDIF(E69,TODAY(),"Y"),"") -> 71 | G69: 0557930639 | I69: aprajan55@gmail.com | J69: Sharjah | K69: PALAYUR SOUTH, POST CHAVAKKAD, TRICHUR-680506. | L69: Thrissur | M69: B+ | N69: 30705 | O69: Not Contacted | P69: Unassigned
A70: 67 | B70: 452 | C70: K.SUKUMARAN | D70: L | E70: 18979 | F70: =IFERROR(DATEDIF(E70,TODAY(),"Y"),"") -> 74 | G70: 0507571974 | H70: 9446001136 | I70: alinshrah@gmail.com | J70: Sharjah | K70: KUNNAMPATH HOUSE, KIZHAKKUMPATTUKAR, TRICHUR DISTRICT-680005, KERALA | L70: Thrissur | M70: A+ | N70: 31385 | O70: Not Contacted | P70: Unassigned
A71: 68 | B71: 471 | C71: V.NARAYANAN NAIR | D71: L | E71: 21708 | F71: =IFERROR(DATEDIF(E71,TODAY(),"Y"),"") -> 67 | G71: 0506978021 | H71: 4672239679 | I71: narayananvengayil@yahoo.com | J71: Sharjah | K71: KRISHNABHAVANAM, ADUKKATH VAYAL, POST MYLATTY, KASARGOD DISTRICT, KERALA | L71: Kasaragod | M71: B+ | N71: 30705 | O71: Not Contacted | P71: Unassigned
A72: 69 | B72: 473 | C72: S.SREEKANTAN NAIR | D72: L | E72: 17668 | F72: =IFERROR(DATEDIF(E72,TODAY(),"Y"),"") -> 78 | G72: 0558378229 | H72: 4742573495 | I72: vishnu_slam@hotmail.com | J72: Sharjah | K72: KRISHNA VILASOM, MEVANAKONAM, KALLUVATHUKKAL POST, KOLLAM | L72: Kollam | M72: O+ | N72: 30730 | O72: Not Contacted | P72: Unassigned
A73: 70 | B73: 487 | C73: MOHAMMED HANIF QURESHI | D73: L | E73: 20069 | F73: =IFERROR(DATEDIF(E73,TODAY(),"Y"),"") -> 71 | G73: 0507460236 | H73: 499774193 | J73: Sharjah | K73: THAYAL THOTTI, THOTTI POST, POST PALLIKERE, KASARGOD | L73: Kasaragod | N73: 31383 | O73: Not Contacted | P73: Unassigned
A74: 71 | B74: 488 | C74: S.ABOOBACKER MOHAMED | D74: L | E74: 17784 | F74: =IFERROR(DATEDIF(E74,TODAY(),"Y"),"") -> 77 | G74: 0503083531 | H74: 4872555984 | J74: Sharjah | K74: M.V.HOUSE, KARAKKAD, POST, GURUVAYOOR, TRICHUR DISTRICT | L74: Thrissur | M74: B+ | N74: 30726 | O74: Not Contacted | P74: Unassigned
A75: 72 | B75: 517 | C75: P.A.SHAMSUDEEN | D75: L | E75: 20464 | F75: =IFERROR(DATEDIF(E75,TODAY(),"Y"),"") -> 70 | G75: 0506327323 | H75: 4802844748 | I75: shams@alshamsmedical.com | J75: Sharjah | K75: PUTHIYA VEETTIL HOUSE, PERINGANAM, TRICHUR DISTRICT, KERALA | L75: Thrissur | M75: A+ | N75: 32551 | O75: Not Contacted | P75: Unassigned
A76: 73 | B76: 518 | C76: P.A.MOIDEENKUTTY | D76: L | E76: 19329 | F76: =IFERROR(DATEDIF(E76,TODAY(),"Y"),"") -> 73 | G76: 0503844749 | H76: 4802844749 | I76: shihadmoideen@gmail.com | J76: Sharjah | K76: PUTHIYA VEETIL HOUSE, POST, KAIPAMANGALAM BEACH , KALAMURI,THRISSUR,KERALA | L76: Thrissur | M76: A+ | N76: 32567 | O76: Not Contacted | P76: Unassigned
A77: 74 | B77: 544 | C77: HAMZA P.P. | D77: L | E77: 21045 | F77: =IFERROR(DATEDIF(E77,TODAY(),"Y"),"") -> 68 | G77: 0557419185 | J77: Sharjah | K77: PEEDIKAYIL PUTHIYA PURAYIL HOUSE, MATTUL POST, KANNUR DISTRICT, 0091 497 284 2792/9995316184 | L77: Kannur | N77: 32556 | O77: Not Contacted | P77: Unassigned
A78: 75 | B78: 560 | C78: THOMAS CHACKO | D78: L | E78: 23528 | F78: =IFERROR(DATEDIF(E78,TODAY(),"Y"),"") -> 62 | G78: 0507871028 | H78: 473630918 | I78: thoms.shaji@gmail.com | K78: THOMPIL HOUSE, PODIYADI POST, TIRUVALLA, PATHANAMTHITTA | L78: Pathanamthitta | M78: O+ | N78: 32555 | O78: Not Contacted | P78: Unassigned
A79: 76 | B79: 562 | C79: K.S.MOHAMED ASHRAF | D79: L | E79: 20703 | F79: =IFERROR(DATEDIF(E79,TODAY(),"Y"),"") -> 69 | G79: 0507963953 | H79: 4882803535 | I79: ashrafnims1@gmail.com | J79: Sharjah | K79: KARAPPAMVEETTIL, PATHAZHAKKAD POST., KODUNGALLUR | L79: Thrissur | M79: AB+ | N79: 30709 | O79: Not Contacted | P79: Unassigned
A80: 77 | B80: 574 | C80: K.ASOKAN | D80: L | E80: 20255 | F80: =IFERROR(DATEDIF(E80,TODAY(),"Y"),"") -> 71 | G80: 0505970135 | H80: 46722667399747523339 | I80: asokankayyil@gmail.com | J80: Sharjah | K80: KAYYIL HOUSE, EDAPPANI, AJANUR, POST, HARIPURAM, KASARGOD | L80: Kasaragod | M80: O+ | N80: 30848 | O80: Not Contacted | P80: Unassigned
A81: 78 | B81: 581 | C81: V.A.MOIDEEN | D81: L | E81: 21209 | F81: =IFERROR(DATEDIF(E81,TODAY(),"Y"),"") -> 68 | G81: 0508071000 | H81: 9995599678 | I81: jas4u@gmail.com | J81: Sharjah | K81: VALLOPPILLY HOUSE, ELAMAKKARA P.O.,, DESHABHIMANI ROAD,KALOOR, ERNAKULAM. | L81: Ernakulam | M81: AB+ | N81: 32562 | O81: Not Contacted | P81: Unassigned
A82: 79 | B82: 586 | C82: P.V.ARAVINDAKSHAN | D82: L | E82: 22825 | F82: =IFERROR(DATEDIF(E82,TODAY(),"Y"),"") -> 64 | G82: 0507967459 | H82: 4872305719 | I82: araviparamel@yahoo.com | J82: Sharjah | K82: PARAMEL HOUSE, POST ADAT, TRICHUR DISTRICT, KERALA | L82: Thrissur | N82: 32555 | O82: Not Contacted | P82: Unassigned
A83: 80 | B83: 592 | C83: K.R.VASUDEVAN | D83: L | E83: 18184 | F83: =IFERROR(DATEDIF(E83,TODAY(),"Y"),"") -> 76 | G83: 0506796897 | J83: Ajman | K83: VASUDEVAN, KALEERAKATH HOUSE, POST KUNDALIYUR, ENGANDIYOOR, TRICHUR DT KERALA ST. *, 00914872292089 | L83: Thrissur | M83: O+ | N83: 32567 | O83: Not Contacted | P83: Unassigned
A84: 81 | B84: 606 | C84: K.A.SULAIMAN | D84: L | E84: 20739 | F84: =IFERROR(DATEDIF(E84,TODAY(),"Y"),"") -> 69 | G84: 0505887360 | H84: 9447079185 | I84: karsulaiman@gmail.com | J84: Dubai | K84: KAVALAKKAL, SAJID VILLA, ALACODE, JUNCTION, KOLLAKADAVU POST,ALAPPUZHA, KERALA | L84: Alappuzha | M84: O+ | N84: 32562 | O84: Not Contacted | P84: Unassigned
A85: 82 | B85: 628 | C85: MATHEW PHILIP | D85: L | E85: 19301 | F85: =IFERROR(DATEDIF(E85,TODAY(),"Y"),"") -> 73 | G85: 0504821247 | H85: 9497271253 | I85: mphilip@emirates.net.ae | J85: Sharjah | K85: PALACKATHARAYIL, THADATHIL HOUSE, THADIYOOR POST, TIRUVALLA | L85: Pathanamthitta | M85: O+ | N85: 32551 | O85: Not Contacted | P85: Unassigned
A86: 83 | B86: 639 | C86: M.VENU | D86: L | E86: 23881 | F86: =IFERROR(DATEDIF(E86,TODAY(),"Y"),"") -> 61 | G86: 0563625273 | H86: 4672201512 | I86: vmkanjangad@gmail.com | J86: Sharjah | K86: MOOLAN VEEDU, RAM NAGAR ROAD, KOTTACHERY, KANHANGAD | L86: Kasaragod | M86: O+ | N86: 32559 | O86: Not Contacted | P86: Unassigned
A87: 84 | B87: 644 | C87: S.HUMAYUN KABIR | D87: L | E87: 21699 | F87: =IFERROR(DATEDIF(E87,TODAY(),"Y"),"") -> 67 | G87: 0507269100 | I87: kabir.offshore2017@gmail.com | J87: Sharjah | K87: JAZIYA MAHAL, KANNANALLOOR POST, KOLLAM DISTRICT, KERALA-691576, 0091 94 95270966 | L87: Kollam | N87: 32555 | O87: Not Contacted | P87: Unassigned
A88: 85 | B88: 650 | C88: SIMON CHACKO | D88: L | E88: 18208 | F88: =IFERROR(DATEDIF(E88,TODAY(),"Y"),"") -> 76 | G88: 0506247895 | I88: sssrs348@emirates.net.ae | J88: Dubai | K88: OONNUKALLIL HOUSE, VELLIYARA POST, PATHANAMTHITTA DISTRICT, KERALA, 04842421781 / 9447121781 | L88: Pathanamthitta | N88: 32554 | O88: Not Contacted | P88: Unassigned
A89: 86 | B89: 652 | C89: P.K.NAJMUDHEEN | D89: L | E89: 21364 | F89: =IFERROR(DATEDIF(E89,TODAY(),"Y"),"") -> 68 | G89: 0505866417 | H89: 704496 | J89: Sharjah | K89: BHAMASE HOUSE, KASANA KOTTA, POST, KANNUR-2, PIN-670002, KERALA | L89: Kannur | M89: O+ | N89: 32557 | O89: Not Contacted | P89: Unassigned
A90: 87 | B90: 653 | C90: SREEDHARAN K. | D90: L | E90: 19664 | F90: =IFERROR(DATEDIF(E90,TODAY(),"Y"),"") -> 72 | G90: 0505378079 | H90: 4952855666 | I90: sreeviharsreedharan@gmail.com | J90: Sharjah | K90: SRIVIHARAM NELLIKUNNUMAL, POST NANMINDA, PIN-673613 | L90: Unmatched — check | M90: B- | N90: 32562 | O90: Not Contacted | P90: Unassigned
A91: 88 | B91: 655 | C91: DAVID THOMAS | D91: L | E91: 19117 | F91: =IFERROR(DATEDIF(E91,TODAY(),"Y"),"") -> 74 | G91: 0506340281 | H91: 4742615124 | I91: joedavis@emirates.ae | J91: Sharjah | K91: IMMANUVEL HOUSE, EAST KULAKADA, POST, KOTTARAKARA, KOLLAM | L91: Kollam | M91: A+ | N91: 31048 | O91: Not Contacted | P91: Unassigned
A92: 89 | B92: 664 | C92: M.MOHAMMEDALI | D92: L | E92: 22380 | F92: =IFERROR(DATEDIF(E92,TODAY(),"Y"),"") -> 65 | G92: 0557509027 | H92: 4672310376 | I92: okhaneef@yahoo.com | J92: Sharjah | K92: POST KEEKAN, VIA PALLIKERE, KASARGOD DISTRICT, KERALA | L92: Kasaragod | N92: 31384 | O92: Not Contacted | P92: Unassigned
A93: 90 | B93: 668 | C93: K.SULAIMAN | D93: L | E93: 21016 | F93: =IFERROR(DATEDIF(E93,TODAY(),"Y"),"") -> 69 | G93: 0521438843 | H93: 4672310023 | J93: Sharjah | K93: BEKAL KUNNIL HOUSE, POST, PALLIKERE-670316, KASARGOD | L93: Kasaragod | N93: 30684 | O93: Not Contacted | P93: Unassigned
A94: 91 | B94: 675 | C94: MOHAMMAD KUNHI A. | D94: L | E94: 22448 | F94: =IFERROR(DATEDIF(E94,TODAY(),"Y"),"") -> 65 | G94: 0503532614 | I94: CHMOHAMMEDK@GMAIL.COM | J94: Sharjah | K94: CHETTUKUNDIL HOUSE, POST, PALLIKERE, KASARGOD DISTRICT, 984745858 | L94: Kasaragod | N94: 32561 | O94: Not Contacted | P94: Unassigned
A95: 92 | B95: 680 | C95: VIJAYAN C. NARAYANAN | D95: L | E95: 20059 | F95: =IFERROR(DATEDIF(E95,TODAY(),"Y"),"") -> 71 | G95: 0506319326 | I95: cnvijayan55@gmail.com | J95: Sharjah | K95: MADHAVI VILASAM, KUNNAMTHANAM , THIRUVALLA, 00914692692299 | L95: Pathanamthitta | M95: A+ | N95: 32556 | O95: Not Contacted | P95: Unassigned
A96: 93 | B96: 696 | C96: JACOB C.K. | D96: L | E96: 20787 | F96: =IFERROR(DATEDIF(E96,TODAY(),"Y"),"") -> 69 | G96: 0559427317 | I96: marianjan@gmail.com | J96: Dubai | K96: CHANGARAMPALLIL HOUSE, ANAPUZHAKKAL, ANCHAL.PO KOLLAM, KERALA | L96: Kollam | N96: 30739 | O96: Not Contacted | P96: Unassigned
A97: 94 | B97: 699 | C97: ABDURAHIMAN MACHIL | D97: L | E97: 22697 | F97: =IFERROR(DATEDIF(E97,TODAY(),"Y"),"") -> 64 | G97: 0509835666 | H97: 4962968559 | I97: rahmanmachil@gmail.com | J97: Dubai | K97: MACHIL HOUSE, POST MEMUNDA, VIA BADAKARA | L97: Unmatched — check | M97: A+ | N97: 32540 | O97: Not Contacted | P97: Unassigned
A98: 95 | B98: 705 | C98: JOSE K.T. | D98: L | E98: 21328 | F98: =IFERROR(DATEDIF(E98,TODAY(),"Y"),"") -> 68 | G98: 0506260965 | H98: 4672225584919495051131 | I98: josekt58@yahoo.com | J98: Sharjah | K98: KUZHIKKATIL HOUSE, RAJAPURAM POST, KASARGOD DISTRICT, KERALA | L98: Kasaragod | M98: B+ | N98: 31364 | O98: Not Contacted | P98: Unassigned
A99: 96 | B99: 711 | C99: KANNANUNNI C. | D99: L | E99: 20611 | F99: =IFERROR(DATEDIF(E99,TODAY(),"Y"),"") -> 70 | G99: 0562030211 | H99: 46722664089605427987 | K99: P.O. BOX., KANNIKULANGARA HOUSE, POST AJANOOR, KANJANGAD | L99: Unmatched — check | M99: O+ | N99: 30932 | O99: Not Contacted | P99: Unassigned
A100: 97 | B100: 713 | C100: MURALEEDHARAN E. | D100: L | E100: 22061 | F100: =IFERROR(DATEDIF(E100,TODAY(),"Y"),"") -> 66 | G100: 0502510053 | H100: 496250336656 | I100: edavanaa@gmail.com | J100: Sharjah | K100: EDAVANA HOUSE, MUDUVADATHUR- POST | L100: Unmatched — check | M100: O+ | N100: 32509 | O100: Not Contacted | P100: Unassigned
...

Sheet Lists
A1: Call Status | B1: Contact Method | C1: Assigned To | E1: District | G1: Emirate
A2: Not Contacted | B2: Phone Call | C2: Unassigned | E2: Alappuzha | G2: Sharjah
A3: Positive | B3: WhatsApp | C3: Volunteer 1 | E3: Ernakulam | G3: Dubai
A4: To Be Followed Up | B4: In Person | C4: Volunteer 2 | E4: Idukki | G4: Ajman
A5: Undecided | B5: Email | C5: Volunteer 3 | E5: Kannur | G5: Abu Dhabi
A6: Negative | B6: Through Referral | C6: Volunteer 4 | E6: Kasaragod | G6: Umm Al Quwain
A7: Unreachable | C7: Volunteer 5 | E7: Kollam | G7: Ras Al Khaimah
A8: Not Eligible / Inactive | C8: Volunteer 6 | E8: Kottayam | G8: Fujairah
C9: Volunteer 7 | E9: Kozhikode
C10: Volunteer 8 | E10: Malappuram
A11: Rename "Volunteer 1…12" in column C to your actual callers — the drop-down and the Team sheet follow automatically. | C11: Volunteer 9 | E11: Palakkad
C12: Volunteer 10 | E12: Pathanamthitta
C13: Volunteer 11 | E13: Thiruvananthapuram
C14: Volunteer 12 | E14: Thrissur
E15: Wayanad
E16: Outside Kerala
E17: Unmatched — check
